John,Smith,johnsmith,smith
Prince,Dixon,princedixon,dixon
Eden,Haynes,edenhaynes,haynes
Abigayle,Madden,abigaylemadden,madden
Ricky,Booker,rickybooker,booker
Anabelle,Harding,anabelleharding,harding
Emma,Pena,emmapena,pena
Jaylynn,Woodard,jaylynnwoodard,woodard,
Elisabeth,Jefferson,elisabethjefferson,jefferson