Jadyn,Benitez,jadynbenitez,benitez
Alexis,Long,alexislong,long
Brenden,Graves,brendengraves,graves
Austin,Archer,austinarcher,archer
Valerie,Baird,valeriebaird,baird
Santos,Miranda,santosmirando,mirando
Deandre,Lester,deandrelester,lester
Dayana,Fuentes,dayanafuentes,fuentes
Keenan,Peterson,keenanpeterson,peterson
Jadyn,Villarreal,jadynvillarreal,villarreal
Elle,Mcgee,ellemcgee,mcgee
Brett,Hayes,bretthayes,hayes